{
  "overall": {
    "N": 207,
    "top1": 74.8792270531401,
    "top5": 89.3719806763285
  },
  "with_pairs": {
    "N": 0,
    "top1": 0.0,
    "top5": 0.0
  },
  "without_pairs": {
    "N": 207,
    "top1": 74.8792270531401,
    "top5": 89.3719806763285
  }
}