{
  "epoch": [
    1,
    2,
    3,
    4,
    5,
    6,
    7,
    8,
    9,
    10,
    11,
    12,
    13,
    14,
    15,
    16,
    17,
    18,
    19,
    20
  ],
  "train_loss": [
    4.18718056577854,
    3.256961084547497,
    2.4359329711823237,
    1.7673858864597543,
    1.281739370217399,
    0.9432219471880998,
    0.7084716022329987,
    0.5456238592427874,
    0.4093120827403649,
    0.3330713737578619,
    0.27288380131204293,
    0.22130251593059963,
    0.18485360308772042,
    0.16415760918426767,
    0.14396301381014012,
    0.12864548527689837,
    0.1214405646321004,
    0.11500341007633814,
    0.11166533760765873,
    0.11307278681526739
  ],
  "train_cls": [
    4.141074387484758,
    3.2387325624940257,
    2.4252532316894126,
    1.761685022601375,
    1.2781615298261086,
    0.9404412788688821,
    0.7063743292339264,
    0.542916046248542,
    0.4082637447371054,
    0.33207519454930823,
    0.2724617651057622,
    0.22092937831840817,
    0.18471948301823682,
    0.1638093022678895,
    0.14386615263564245,
    0.12855814815198302,
    0.12139267458644494,
    0.11488036771930715,
    0.1116420856070897,
    0.11307278681526739
  ],
  "train_triplet": [
    0.09221236967593623,
    0.03645703633976164,
    0.021359488332309027,
    0.011401727114355675,
    0.007155681411777599,
    0.005561337190330344,
    0.0041945476184116195,
    0.005415626909958307,
    0.0020966768368250793,
    0.0019923586191402543,
    0.000844072557926651,
    0.0007462754613327518,
    0.00026824036440639584,
    0.0006966138327563251,
    0.00019372227015318694,
    0.00017467428925176147,
    9.578009131093504e-05,
    0.00024608481261465285,
    4.650403316768389e-05,
    0.0
  ],
  "train_da": [
    0.0,
    0.0,
    0.0,
    0.0,
    0.0,
    0.0,
    0.0,
    0.0,
    0.0,
    0.0,
    0.0,
    0.0,
    0.0,
    0.0,
    0.0,
    0.0,
    0.0,
    0.0,
    0.0,
    0.0
  ],
  "val_acc": [
    56.45933014354067,
    72.2488038277512,
    80.38277511961722,
    83.2535885167464,
    81.33971291866028,
    84.68899521531101,
    86.60287081339713,
    86.1244019138756,
    86.60287081339713,
    85.64593301435407,
    87.5598086124402,
    85.64593301435407,
    86.60287081339713,
    85.16746411483254,
    86.1244019138756,
    85.64593301435407,
    86.60287081339713,
    87.08133971291866,
    86.60287081339713,
    86.60287081339713
  ],
  "lr": [
    0.0009938441702975688,
    0.0009755282581475768,
    0.0009455032620941839,
    0.0009045084971874737,
    0.0008535533905932737,
    0.0007938926261462366,
    0.0007269952498697733,
    0.0006545084971874737,
    0.0005782172325201155,
    0.0005,
    0.0004217827674798847,
    0.00034549150281252633,
    0.00027300475013022663,
    0.00020610737385376348,
    0.00014644660940672625,
    9.549150281252631e-05,
    5.4496737905816096e-05,
    2.447174185242323e-05,
    6.15582970243117e-06,
    0.0
  ]
}